function,lineno,outcome,convergence_speed,nfe,best_fitness,best_solution,success,num_trials,total_time,time_to_solution
plateau_case,1,True,1,6,0.0,"[1939, 4844]",True,1,0.003,0.003
plateau_case,1,False,406,1626,0.0,"[2000, 4500]",True,1,0.012,0.012
plateau_case,2,True,2,12,0.0,"[4448, 1058]",True,2,0.003,0.003
plateau_case,2,False,7805,31232,0.0,"[2000, -450]",True,12,0.203,0.203
plateau_case,3,True,485035,2910206,1.0009990009990009,"[1939, 4844]",False,485035,20.000,N/A
plateau_case,3,False,483748,2902483,1.0009990009990009,"[1939, 4844]",False,483748,20.000,N/A
plateau_case,4,True,484937,2909622,1.0009990009990009,"[1939, 4844]",False,484937,20.000,N/A
plateau_case,4,False,484122,2904727,1.0009990009990009,"[1939, 4844]",False,484122,20.000,N/A
