function,lineno,outcome,convergence_speed,nfe,best_fitness,best_solution,success,num_trials,total_time,time_to_solution
plateau_case,1,True,1951,7806,0.0,"[-27, 2474]",True,1,0.081,0.081
plateau_case,1,False,1,6,0.0,"[1923, 2474]",True,1,0.004,0.004
plateau_case,2,True,1,6,0.0,"[1923, 2474]",True,1,0.004,0.004
plateau_case,2,False,13915,55656,0.0,"[2000, -450]",True,10,0.598,0.598
plateau_case,3,True,423920,2543517,1.0009990009990009,"[1923, 2474]",False,423920,20.000,N/A
plateau_case,3,False,423607,2541642,1.0009990009990009,"[1923, 2474]",False,423607,20.000,N/A
plateau_case,4,True,423197,2539180,1.0009990009990009,"[1923, 2474]",False,423197,20.000,N/A
plateau_case,4,False,424648,2547888,1.0009990009990009,"[1923, 2474]",False,424648,20.000,N/A
