function,lineno,outcome,convergence_speed,nfe,best_fitness,best_solution,success,num_trials,generations,total_time,time_to_solution
plateau_case,1,True,1,1,0.0,"(3336, 4250)",True,1,1,0.0253,0.0253
plateau_case,1,False,1,2,0.0,"(4429, 945)",True,2,1,0.0243,0.0243
plateau_case,2,True,1,2,0.0,"(4429, 945)",True,2,1,0.0313,0.0313
plateau_case,2,False,31,309889,0.35646550422179135,"(2000, -10)",False,309889,31,20.0592,N/A
plateau_case,3,True,122,1218198,1.0009990009990009,"(3336, 4250)",False,1218198,122,20.0017,N/A
plateau_case,3,False,122,1212371,1.0009990009990009,"(3336, 4250)",False,1212371,122,20.0022,N/A
plateau_case,4,True,122,1219284,1.0009990009990009,"(3336, 4250)",False,1219284,122,20.0018,N/A
plateau_case,4,False,122,1211476,1.0009990009990009,"(3336, 4250)",False,1211476,122,20.0543,N/A
