function,lineno,outcome,convergence_speed,nfe,best_fitness,best_solution,success,num_trials,total_time,time_to_solution
collection,1,True,28847,571457,0.0,"[1038472, 905025, 993859]",True,1,6.1800,6.1800
collection,1,False,1,2,0.0,"[1002464, 905025, 993859]",True,1,0.0025,0.0025
collection,2,True,44799,2508531,1.9636057179847297,"[1035157, 467412, 169004]",False,29,20.0001,N/A
collection,2,False,44748,2507603,1.9654144087377134,"[1035106, 467412, 169004]",False,29,20.0001,N/A
collection,3,True,44830,2509082,2.9624228675646225,"[1035189, 467412, 169004]",False,29,20.0001,N/A
collection,3,False,45175,2515304,2.946950613502565,"[1035534, 467412, 169004]",False,29,20.0001,N/A
