function,lineno,outcome,convergence_speed,nfe,best_fitness,best_solution,success,num_trials,generations,total_time,time_to_solution
plateau_case,1,True,1,1,0.0,"(3336, 4250)",True,1,1,0.038,0.038
plateau_case,1,False,1,2,0.0,"(4429, 945)",True,2,1,0.034,0.034
plateau_case,2,True,1,2,0.0,"(4429, 945)",True,2,1,0.035,0.035
plateau_case,2,False,32,312389,0.35646550422179135,"(2000, -10)",False,312389,32,20.039,N/A
plateau_case,3,True,122,1210071,1.0009990009990009,"(3336, 4250)",False,1210071,122,20.002,N/A
plateau_case,3,False,110,1098306,1.0009990009990009,"(3336, 4250)",False,1098306,110,20.001,N/A
plateau_case,4,True,121,1209346,1.0009990009990009,"(3336, 4250)",False,1209346,121,20.002,N/A
plateau_case,4,False,109,1085535,1.0009990009990009,"(3336, 4250)",False,1085535,109,20.001,N/A
