trial_id,generation_index,point,fitness_value
0,0,"(-93,)",59.75869229981177
0,1,"(-92,)",59.23110202087585
0,2,"(-91,)",58.440442311291484
0,3,"(-90,)",1.0
0,4,"(0,)",0.0
