function,lineno,outcome,convergence_speed,nfe,best_fitness,best_solution,success,num_trials,total_time,time_to_solution
collection,1,True,26241,157842,0.0,"[42, 328648, 409141]",True,237,2.029,2.029
collection,1,False,1,8,0.0,"[428370, 545271, 568288]",True,1,0.007,0.007
collection,2,True,351850,2116097,0.9385545463124244,"[1038472, 2889, 899747]",False,2984,20.000,N/A
collection,2,False,24242,145854,0.0,"[42, 328648, 409141]",True,237,1.879,1.879
collection,3,True,352739,2121609,1.9385545463124245,"[1038472, 2889, 899747]",False,3073,20.000,N/A
collection,3,False,305943,1840266,1.9385545463124245,"[1038472, 2889, 899747]",False,2721,20.000,N/A
