function,lineno,outcome,convergence_speed,nfe,best_fitness,best_solution,success,num_trials,generations,total_time,time_to_solution
plateau_case,1,True,1,3,0.0,"(4922, 3638)",True,3,1,0.0335,0.0335
plateau_case,1,False,1,1,0.0,"(506, 1003)",True,1,1,0.0334,0.0334
plateau_case,2,True,1,1,0.0,"(506, 1003)",True,1,1,0.0365,0.0365
plateau_case,2,False,31,309518,0.35646550422179135,"(2000, -10)",False,309518,31,20.0003,N/A
plateau_case,3,True,122,1213553,1.0009990009990009,"(506, 1003)",False,1213553,122,20.0017,N/A
plateau_case,3,False,122,1216244,1.0009990009990009,"(506, 1003)",False,1216244,122,20.0017,N/A
plateau_case,4,True,122,1211541,1.0009990009990009,"(506, 1003)",False,1211541,122,20.0016,N/A
plateau_case,4,False,121,1209425,1.0009990009990009,"(506, 1003)",False,1209425,121,20.0069,N/A
