function,lineno,outcome,convergence_speed,nfe,best_fitness,best_solution,success,num_trials,total_time,time_to_solution
collection,1,True,6,596,0.0,"(1038472, -8, 2180)",True,596,0.020,0.020
collection,1,False,0,1,0.0,"(-10, 107463, 1030699)",True,1,0.005,0.005
collection,2,True,10142,1002287,0.006972083790460326,"(1038472, -5, -10)",False,1002287,20.018,N/A
collection,2,False,6,596,0.0,"(1038472, -8, 2180)",True,596,0.029,0.029
collection,3,True,10109,999196,1.0069720837904603,"(1038472, -5, -10)",False,999196,20.010,N/A
collection,3,False,10087,997017,1.0069720837904603,"(1038472, -5, -10)",False,997017,20.010,N/A
