algorithm,best_fitness_mean,best_fitness_std,best_fitness_cv,nfe_mean,nfe_std,nfe_cv,convergence_speed_mean,convergence_speed_std,convergence_speed_cv,sensitivity_score
ga_biased,0.10238068003555383,0.00131267085831106,1.2821470397102341,105110.56676384839,6934.282535150521,6.597131714387721,11.429737609329447,0.6945313821791107,6.076529540032522,4.6519360980434925
ga_random,0.11284750403674056,0.007246242763128041,6.421269858807715,103199.60408163264,4273.2965838688315,4.140807149307067,11.230320699708455,0.42276565724025483,3.7645020880946887,4.775526365403157
hc_biased,0.059539107596182084,0.0038273217032978053,6.428248352757021,207736.8583090379,12124.074344846924,5.836265380893868,39954.9638483965,1776.9917654650753,4.447486855970189,5.570666863207026
hc_random,0.08273854669556639,0.011898311066273207,14.38061404444609,260094.90962099127,9339.847928920351,3.590938378044507,48314.48279883382,1506.2316721614459,3.117557272490977,7.029703231660524
hcc_biased,0.054119824535152204,0.0016528719510972925,3.0540970250628034,158856.16268221574,7023.203263094171,4.421108469769447,513.6594752186589,113.16309755203025,22.03076220950816,9.83532256811347
hcc_random,0.07583182025493942,0.005301666036894116,6.991347456872873,217955.87055393588,16521.27203320014,7.580099582182048,1047.9743440233237,198.61560995375328,18.95233514889682,11.174594062650579
