algorithm,best_fitness_mean,best_fitness_std,best_fitness_cv,nfe_mean,nfe_std,nfe_cv,convergence_speed_mean,convergence_speed_std,convergence_speed_cv,sensitivity_score
base_biased,0.0571828016359857,0.005645827785219538,9.87329690692623,207976.89970845482,4041.332975012263,1.9431643517513075,39566.67055393585,860.9743780477651,2.1760091662858416,4.664156808321127
base_random,0.07631771690448472,0.011969366708252204,15.683601650757502,244869.91661807577,8886.004761085162,3.628867475356185,45850.727696793,1480.250014591559,3.228411170222483,7.51362676544539
ga_biased,0.10034244985343885,0.0021921052045095982,2.184623962950285,102813.90145772594,6217.822747051569,6.047647894782162,11.201749271137027,0.6228888730391282,5.5606393069705105,4.597637054900986
ga_random,0.11417303733277165,0.007545894024876732,6.609173410078665,120752.39300291546,5899.1535475485325,4.8853305519221495,12.984256559766767,0.5935812803743472,4.571546146227794,5.355350036076203
hcc_biased,0.07819092014294962,0.011423122696117283,14.60927007283376,226925.06763848398,41343.57901136224,18.219044480897548,393.12186588921287,127.95424345812486,32.54823874238126,21.792184432037526
hcc_random,0.10490093614093894,0.019777013057379344,18.853037718184012,261773.90262390667,11885.102100154032,4.540216568963898,503.7037900874635,230.1376032807952,45.689075168728415,23.027443151958778
