trial_id,generation_index,point,fitness_value
0,0,"(-93, -138)",58.99683789799018
0,1,"(-92, -139)",57.49595803973772
0,2,"(-91, -140)",55.440368886233244
0,3,"(-90, -141)",52.99222220866842
0,4,"(-89, -141)",51.83620170171254
0,5,"(-88, -141)",50.60060619281789
0,6,"(-88, -131)",50.194692990867104
0,7,"(-88, -110)",50.11064028256732
0,8,"(-88, -89)",50.06194428712657
0,9,"(0, -89)",50.01768774067455
0,10,"(0, -90)",1.0
0,11,"(0, 0)",0.0
