function,lineno,outcome,convergence_speed,nfe,best_fitness,best_solution,success,num_trials,generations,total_time,time_to_solution
plateau_case,1,True,1,3,0.0,"(2640, 4531)",True,3,1,0.043,0.043
plateau_case,1,False,1,1,0.0,"(537, 2810)",True,1,1,0.036,0.036
plateau_case,2,True,1,1,0.0,"(537, 2810)",True,1,1,0.036,0.036
plateau_case,2,False,33,326023,0.35646550422179135,"(2000, -10)",False,326023,33,20.054,N/A
plateau_case,3,True,131,1300960,1.0009990009990009,"(537, 2810)",False,1300960,131,20.061,N/A
plateau_case,3,False,118,1171863,1.0009990009990009,"(537, 2810)",False,1171863,118,20.053,N/A
plateau_case,4,True,112,1112235,1.0009990009990009,"(537, 2810)",False,1112235,112,20.034,N/A
plateau_case,4,False,113,1121787,1.0009990009990009,"(537, 2810)",False,1121787,113,20.002,N/A
