function,lineno,outcome,convergence_speed,nfe,best_fitness,best_solution,success,num_trials,generations,total_time,time_to_solution
plateau_case,1,True,1,3,0.0,"(3866, 2693)",True,3,1,0.030,0.030
plateau_case,1,False,1,1,0.0,"(4065, 2170)",True,1,1,0.037,0.037
plateau_case,2,True,1,1,0.0,"(4065, 2170)",True,1,1,0.036,0.036
plateau_case,2,False,31,308245,0.35646550422179135,"(2000, -10)",False,308245,31,20.105,N/A
plateau_case,3,True,136,1350530,1.0009990009990009,"(4065, 2170)",False,1350530,136,20.048,N/A
plateau_case,3,False,132,1310820,1.0009990009990009,"(4065, 2170)",False,1310820,132,20.070,N/A
plateau_case,4,True,113,1122165,1.0009990009990009,"(4065, 2170)",False,1122165,113,20.047,N/A
plateau_case,4,False,120,1191656,1.0009990009990009,"(4065, 2170)",False,1191656,120,20.019,N/A
