function,lineno,outcome,convergence_speed,nfe,best_fitness,best_solution,success,num_trials,generations,total_time,time_to_solution
plateau_case,1,True,1,3,0.0,"(3149, 4724)",True,3,1,0.0217,0.0217
plateau_case,1,False,1,1,0.0,"(3111, 2711)",True,1,1,0.0171,0.0171
plateau_case,2,True,1,1,0.0,"(3111, 2711)",True,1,1,0.0210,0.0210
plateau_case,2,False,34,332850,0.35646550422179135,"(2000, -10)",False,332850,34,20.0639,N/A
plateau_case,3,True,134,1339197,1.0009990009990009,"(3111, 2711)",False,1339197,134,20.0027,N/A
plateau_case,3,False,135,1340168,1.0009990009990009,"(3111, 2711)",False,1340168,135,20.0020,N/A
plateau_case,4,True,134,1335631,1.0009990009990009,"(3111, 2711)",False,1335631,134,20.0018,N/A
plateau_case,4,False,134,1336671,1.0009990009990009,"(3111, 2711)",False,1336671,134,20.0021,N/A
